Statistic Measure 	 Naive Bayes	Random Forest	SVM	KNN	My Method
Accuracy	0.9544265047842787	0.9355928530308409	0.9439906348592239  0.866621795357581   0.9623344248694744
Precision	0.9544265047842787	0.9355928530308409	0.9439906348592239  0.866621795357581   0.9623344248694744
Recall	0.9544265047842787	0.9355928530308409	0.9439906348592239  0.866621795357581   0.9623344248694744
F-Measure 	0.9544265047842787	0.9355928530308409	0.9439906348592239  0.866621795357581   0.9623344248694744