Statistic Measure 	 Naive Bayes	Random Forest	SVM	KNN	My Method
Accuracy	0.568725428803525	0.9279312930515282	0.9524694509480144		
Precision	0.568725428803525	0.9279312930515282	0.9524694509480144		
Recall	0.568725428803525	0.9279312930515282	0.9524694509480144		
F-Measure 	0.568725428803525	0.9279312930515282	0.9524694509480144		
